Customer_ID,Preference Rate Towards Company_X,Rating Given,Company Chosen,Starting Location,Ending Location,Started Time,Ending Time,Unavailable Scooter,BREAKDOWN,Breakdown Time
13,0.5,1,1,Manhattan,Jones,16,76,false,true,24
24,0.4995004995004995,0,1,Manhattan,Queens,31,101,false,true,33
2,0.5,8,0,Queens,Stony,2,41,false,false,0
9,0.5,8,0,Stony,Queens,10,42,false,false,0
29,0.4995004995004995,2,0,Manhattan,Queens,35,119,false,true,53
26,0.4995004995004995,3,1,Manhattan,Queens,32,96,false,true,54
25,0.4995004995004995,5,1,Manhattan,Jones,31,79,false,true,55
12,0.5,9,1,Manhattan,Jones,15,58,false,false,0
16,0.5,8,1,Queens,Stony,22,61,false,false,0
18,0.4995004995004995,8,1,Queens,Stony,25,61,false,false,0
7,0.5,9,0,Stony,Jones,9,62,false,false,0
44,0.49670122525918947,0,0,Manhattan,Jones,65,109,true,false,0
11,0.5,6,1,Manhattan,Queens,13,93,false,true,67
23,0.4995004995004995,9,0,Queens,Stony,30,69,false,false,0
4,0.5,8,0,Manhattan,Jones,6,71,false,false,0
49,0.49814126394052044,0,0,Manhattan,Queens,70,155,true,false,0
8,0.5,9,0,Manhattan,Jones,10,74,false,false,0
52,0.5018450184501845,0,0,Manhattan,Queens,73,137,true,false,0
6,0.5,8,1,Manhattan,Jones,9,75,false,false,0
22,0.4995004995004995,8,0,Queens,Stony,29,75,false,false,0
37,0.5073746312684366,8,1,Queens,Stony,47,83,false,true,76
1,0.5,9,1,Manhattan,Queens,1,77,false,false,0
3,0.5,8,0,Jones,Stony,3,77,false,false,0
56,0.5022381378692927,0,0,Manhattan,Queens,76,183,true,false,0
57,0.5017636684303352,0,0,Manhattan,Jones,79,126,true,false,0
35,0.5073746312684366,8,1,Queens,Stony,45,83,false,false,0
14,0.5,9,0,Manhattan,Jones,20,88,false,false,0
63,0.4982486865148862,0,0,Manhattan,Queens,87,181,true,true,154
46,0.49670122525918947,3,1,Manhattan,Jones,66,125,false,true,89
15,0.5,9,0,Stony,Jones,20,91,false,false,0
65,0.5008665511265165,0,1,Manhattan,Jones,89,157,false,true,92
19,0.4995004995004995,8,0,Manhattan,Jones,25,95,false,false,0
73,0.5047291487532244,0,1,Stony,Jones,94,152,false,true,96
41,0.5043816942551119,9,0,Stony,Queens,55,105,false,false,0
81,0.5081127241673783,0,0,Manhattan,Queens,104,177,true,true,157
75,0.5081127241673783,1,0,Queens,Stony,96,148,false,true,106
83,0.5122777307366638,0,0,Manhattan,Jones,106,177,true,false,0
45,0.49670122525918947,8,0,Queens,Stony,65,108,false,false,0
85,0.5122777307366638,0,0,Manhattan,Queens,107,171,true,false,0
5,0.5,9,0,Manhattan,Queens,7,111,false,false,0
17,0.4995004995004995,8,0,Manhattan,Queens,25,111,false,false,0
28,0.4995004995004995,8,0,Stony,Jones,34,111,false,false,0
79,0.5081127241673783,1,1,Manhattan,Jones,102,173,false,true,111
88,0.5155592935239697,0,0,Manhattan,Queens,110,198,true,false,0
20,0.4995004995004995,9,0,Manhattan,Queens,26,112,false,false,0
90,0.5285947712418301,0,0,Manhattan,Jones,112,187,true,true,115
51,0.5018450184501845,6,0,Manhattan,Jones,71,139,false,true,115
93,0.5285947712418301,0,0,Manhattan,Queens,114,186,true,false,0
10,0.5,8,0,Manhattan,Queens,12,116,false,false,0
31,0.5034687809712587,8,0,Queens,Manhattan,41,117,false,false,0
33,0.5073746312684366,8,0,Queens,Manhattan,42,118,false,false,0
32,0.5073746312684366,9,0,Manhattan,Queens,42,119,false,false,0
39,0.5073746312684366,9,1,Manhattan,Queens,50,119,false,false,0
84,0.5122777307366638,3,1,Stony,Queens,106,144,false,true,121
96,0.5308943089430894,2,0,Queens,Stony,115,147,false,true,122
30,0.4995004995004995,9,0,Manhattan,Queens,36,123,false,false,0
34,0.5073746312684366,9,0,Manhattan,Queens,44,126,false,false,0
43,0.49670122525918947,9,0,Manhattan,Queens,63,127,false,false,0
77,0.5081127241673783,8,0,Queens,Stony,97,135,false,true,131
92,0.5285947712418301,3,1,Manhattan,Jones,113,169,false,true,131
21,0.4995004995004995,9,0,Manhattan,Queens,29,132,false,false,0
74,0.5081127241673783,4,1,Manhattan,Queens,96,182,false,true,132
42,0.5,7,1,Manhattan,Queens,60,160,false,true,133
100,0.539308176100629,2,1,Manhattan,Jones,119,169,false,true,133
38,0.5073746312684366,9,1,Manhattan,Queens,49,138,false,true,134
48,0.49814126394052044,6,1,Manhattan,Queens,69,176,false,true,134
59,0.4982486865148862,9,0,Queens,Stony,83,134,false,false,0
60,0.4982486865148862,9,1,Jones,Stony,85,140,false,false,0
27,0.4995004995004995,8,1,Manhattan,Queens,34,141,false,false,0
54,0.505946935041171,7,1,Stony,Jones,74,167,false,true,141
72,0.5047291487532244,8,0,Queens,Stony,94,141,false,false,0
98,0.539872408293461,7,1,Queens,Stony,118,155,false,true,144
55,0.5058611361587015,9,0,Manhattan,Queens,75,145,false,false,0
70,0.5047291487532244,7,1,Manhattan,Jones,93,161,false,true,145
69,0.5047291487532244,8,1,Manhattan,Jones,93,146,false,false,0
138,0.5353107344632768,0,0,Manhattan,Jones,145,186,true,false,0
76,0.5081127241673783,9,1,Manhattan,Jones,97,147,false,false,0
94,0.5285947712418301,9,0,Queens,Stony,114,148,false,false,0
97,0.5339256865912763,9,1,Queens,Stony,116,150,false,true,148
107,0.5419906687402799,4,1,Queens,Stony,123,175,false,true,148
47,0.4939081537019681,9,1,Jones,Stony,68,154,false,true,149
137,0.535,0,0,Stony,Jones,144,229,false,true,149
66,0.5008665511265165,9,1,Manhattan,Jones,90,150,false,false,0
135,0.535,0,1,Manhattan,Queens,144,227,false,true,150
141,0.5239071038251366,0,0,Manhattan,Jones,149,212,true,false,0
80,0.5081127241673783,8,1,Stony,Jones,102,153,false,false,0
68,0.5008665511265165,8,1,Stony,Jones,90,154,false,false,0
36,0.5073746312684366,9,0,Queens,Manhattan,46,155,false,false,0
91,0.5285947712418301,8,0,Manhattan,Jones,112,156,false,false,0
53,0.5018450184501845,8,1,Queens,Manhattan,73,158,false,false,0
78,0.5081127241673783,9,0,Manhattan,Queens,98,160,false,false,0
110,0.5451737451737452,5,1,Queens,Stony,126,183,false,true,160
62,0.4982486865148862,8,1,Manhattan,Queens,86,164,false,false,0
58,0.5017636684303352,8,0,Stony,Jones,79,165,false,false,0
104,0.5387627251370399,8,1,Queens,Stony,122,166,false,false,0
40,0.5073746312684366,9,0,Manhattan,Queens,52,167,false,false,0
153,0.518979057591623,1,1,Manhattan,Jones,162,212,false,true,167
87,0.5155592935239697,9,0,Stony,Jones,108,168,false,false,0
160,0.521323997453851,0,0,Manhattan,Queens,168,272,true,false,0
61,0.4982486865148862,9,0,Stony,Jones,85,170,false,false,0
115,0.5483128834355828,8,0,Manhattan,Jones,128,170,false,false,0
111,0.5451737451737452,8,1,Manhattan,Jones,126,178,false,true,171
161,0.521323997453851,0,1,Manhattan,Jones,169,221,false,true,171
118,0.5512048192771084,9,0,Queens,Stony,132,172,false,false,0
151,0.518979057591623,2,1,Manhattan,Jones,162,216,false,true,173
106,0.5419906687402799,8,0,Manhattan,Jones,123,174,false,false,0
50,0.5018450184501845,9,0,Queens,Manhattan,71,175,false,false,0
99,0.539308176100629,8,0,Queens,Stony,119,175,false,false,0
154,0.518979057591623,2,1,Stony,Queens,162,210,false,true,175
127,0.544452608376194,8,0,Stony,Queens,137,176,false,false,0
108,0.5419906687402799,9,0,Stony,Jones,123,177,false,false,0
125,0.544452608376194,9,0,Queens,Stony,137,179,false,false,0
159,0.5185659411011524,1,1,Manhattan,Jones,167,240,false,true,181
126,0.544452608376194,8,1,Manhattan,Jones,137,182,false,false,0
132,0.5376884422110553,8,1,Stony,Queens,142,191,false,true,183
162,0.521323997453851,2,1,Stony,Jones,169,234,false,true,183
89,0.5251028806584362,8,1,Stony,Jones,111,184,false,false,0
140,0.5271477663230241,8,1,Queens,Stony,148,185,false,false,0
101,0.539308176100629,9,1,Manhattan,Queens,120,186,false,false,0
102,0.539308176100629,9,0,Queens,Manhattan,120,186,false,false,0
178,0.5311203319502075,0,1,Stony,Queens,184,236,false,true,186
179,0.5286135693215339,0,0,Manhattan,Jones,185,240,true,false,0
86,0.5155592935239697,8,0,Jones,Stony,108,188,false,false,0
82,0.511864406779661,8,0,Jones,Stony,105,189,false,false,0
128,0.544452608376194,8,0,Manhattan,Jones,138,189,false,false,0
112,0.5451737451737452,8,1,Stony,Jones,126,190,false,false,0
130,0.5408759124087591,9,0,Manhattan,Jones,140,190,false,false,0
123,0.544452608376194,8,0,Manhattan,Jones,136,191,false,false,0
136,0.535,8,0,Manhattan,Jones,144,192,false,false,0
148,0.5178335535006605,9,1,Stony,Queens,158,193,false,false,0
105,0.5387627251370399,9,0,Manhattan,Jones,122,195,false,false,0
64,0.5021720243266724,9,0,Manhattan,Queens,88,198,false,false,0
167,0.5324357405140759,5,1,Queens,Stony,175,217,false,true,198
183,0.5347776510832383,2,1,Queens,Stony,190,226,false,true,198
114,0.5483128834355828,9,1,Manhattan,Jones,128,200,false,false,0
142,0.5207060420909708,8,1,Manhattan,Jones,150,200,false,false,0
155,0.5162760416666666,9,0,Queens,Stony,164,200,false,false,0
124,0.544452608376194,8,1,Queens,Manhattan,136,201,false,false,0
121,0.544452608376194,8,1,Jones,Stony,134,202,false,false,0
67,0.5008665511265165,8,1,Queens,Manhattan,90,203,false,false,0
71,0.5047291487532244,9,1,Manhattan,Queens,94,203,false,false,0
119,0.544452608376194,8,1,Manhattan,Jones,134,203,false,false,0
150,0.518979057591623,8,0,Queens,Stony,160,204,false,false,0
131,0.5376884422110553,8,1,Manhattan,Jones,142,207,false,false,0
134,0.5376884422110553,6,1,Queens,Manhattan,143,249,false,true,207
143,0.5207060420909708,8,1,Jones,Stony,151,208,false,false,0
157,0.5187823834196891,9,1,Queens,Stony,165,209,false,false,0
152,0.518979057591623,9,1,Queens,Stony,162,210,false,false,0
120,0.544452608376194,9,0,Queens,Manhattan,134,211,false,false,0
116,0.5483128834355828,9,1,Queens,Manhattan,129,212,false,false,0
129,0.5408759124087591,8,1,Manhattan,Queens,140,213,false,false,0
103,0.5380392156862746,9,1,Manhattan,Queens,121,215,false,false,0
133,0.5376884422110553,9,0,Manhattan,Jones,143,215,false,false,0
191,0.5314192849404117,1,1,Manhattan,Jones,202,274,false,true,216
95,0.5308943089430894,8,1,Manhattan,Queens,115,217,false,false,0
165,0.5258245177349098,8,1,Stony,Queens,173,218,false,false,0
122,0.544452608376194,8,1,Queens,Manhattan,135,236,false,true,219
187,0.5388026607538803,3,1,Queens,Stony,198,256,false,true,219
194,0.5263437998935604,5,1,Queens,Stony,205,237,false,true,221
145,0.5180240320427236,9,0,Manhattan,Jones,155,224,false,false,0
199,0.515372589890568,2,0,Jones,Stony,210,282,false,true,225
209,0.5045090180360722,0,1,Stony,Jones,222,298,false,true,225
117,0.5483128834355828,9,1,Manhattan,Queens,130,227,false,false,0
156,0.5187823834196891,8,0,Manhattan,Queens,165,227,false,false,0
172,0.5397590361445783,8,1,Manhattan,Jones,179,228,false,false,0
188,0.5388026607538803,5,1,Stony,Queens,198,255,false,true,230
158,0.5161082474226805,6,0,Queens,Manhattan,166,260,false,true,231
219,0.5036818851251841,0,0,Manhattan,Queens,230,317,true,true,308
149,0.518979057591623,8,0,Manhattan,Jones,160,232,false,false,0
176,0.5368484122228879,8,0,Manhattan,Jones,182,233,false,false,0
180,0.5286135693215339,5,1,Queens,Manhattan,185,270,false,true,234
190,0.5360655737704918,9,0,Queens,Stony,200,234,false,false,0
109,0.5451737451737452,9,1,Manhattan,Queens,126,235,false,false,0
197,0.5202524986849026,8,1,Stony,Queens,208,239,false,false,0
139,0.528960223307746,8,1,Jones,Stony,147,240,false,false,0
186,0.5385906040268457,9,0,Manhattan,Jones,196,240,false,false,0
196,0.5202524986849026,9,0,Queens,Stony,208,241,false,false,0
166,0.5281733746130031,8,0,Manhattan,Jones,174,242,false,false,0
195,0.5263437998935604,7,1,Stony,Queens,206,252,false,true,242
229,0.5082121069920226,0,0,Queens,Stony,242,296,true,false,0
113,0.5483128834355828,9,1,Manhattan,Queens,127,244,false,false,0
170,0.5372501514233797,9,0,Queens,Manhattan,178,244,false,false,0
164,0.5258245177349098,9,0,Jones,Stony,173,245,false,false,0
175,0.5368484122228879,9,1,Manhattan,Queens,182,245,false,false,0
146,0.5205843293492696,9,1,Manhattan,Queens,156,246,false,false,0
184,0.5347776510832383,9,0,Manhattan,Jones,190,246,false,false,0
231,0.5080091533180778,0,0,Queens,Manhattan,246,344,true,false,0
177,0.5336509827278142,8,0,Manhattan,Jones,183,257,false,true,248
233,0.5098039215686274,0,0,Queens,Stony,248,287,true,true,254
182,0.5347776510832383,9,0,Manhattan,Jones,190,250,false,false,0
168,0.5372501514233797,8,1,Queens,Manhattan,177,252,false,false,0
147,0.5178335535006605,8,0,Jones,Stony,158,254,false,false,0
171,0.5372501514233797,9,1,Manhattan,Jones,178,255,false,false,0
211,0.5067331670822942,5,1,Queens,Manhattan,224,289,false,true,259
205,0.5057759919638373,9,0,Queens,Stony,219,261,false,false,0
245,0.5104863900044623,0,0,Queens,Manhattan,261,342,true,false,0
246,0.5104863900044623,0,0,Queens,Stony,262,306,true,true,293
173,0.5397590361445783,9,1,Manhattan,Queens,180,264,false,false,0
247,0.5104863900044623,0,0,Queens,Stony,263,313,true,false,0
238,0.5117222723174031,2,1,Manhattan,Jones,254,296,false,true,266
224,0.5076849183477425,5,1,Stony,Jones,235,291,false,true,268
242,0.5085125448028673,1,1,Queens,Manhattan,259,347,false,true,270
255,0.5068675232609658,0,0,Queens,Stony,269,309,true,false,0
189,0.5388026607538803,8,0,Queens,Manhattan,199,271,false,false,0
256,0.5066430469441984,0,0,Manhattan,Jones,270,344,true,false,0
144,0.5180240320427236,8,1,Manhattan,Queens,155,272,false,false,0
181,0.5305055200464845,8,0,Manhattan,Queens,188,272,false,false,0
198,0.515372589890568,8,1,Manhattan,Queens,210,272,false,false,0
200,0.5176348547717843,9,1,Manhattan,Queens,211,272,false,false,0
259,0.5083848190644307,0,0,Queens,Stony,271,309,true,false,0
212,0.5072247135027405,9,0,Manhattan,Jones,225,273,false,false,0
248,0.5104863900044623,1,1,Jones,Stony,263,350,false,true,273
202,0.5131105398457584,8,1,Queens,Manhattan,214,289,false,true,274
174,0.5394340758579169,9,1,Queens,Manhattan,181,275,false,false,0
225,0.5076849183477425,6,1,Jones,Stony,236,297,false,true,275
237,0.5099547511312217,4,1,Manhattan,Jones,253,309,false,true,278
169,0.5372501514233797,8,1,Manhattan,Queens,178,279,false,false,0
204,0.5106490872210954,8,0,Queens,Manhattan,217,279,false,false,0
230,0.5080756806645131,8,0,Stony,Queens,245,279,false,false,0
268,0.5021186440677966,0,0,Queens,Stony,280,319,true,false,0
163,0.5264797507788161,9,1,Manhattan,Queens,172,282,false,false,0
201,0.5131105398457584,8,0,Manhattan,Jones,214,283,false,false,0
269,0.5002110595187843,0,0,Queens,Manhattan,282,347,true,false,0
185,0.5385906040268457,9,1,Jones,Stony,195,285,false,false,0
214,0.5072247135027405,9,0,Manhattan,Jones,226,285,false,false,0
206,0.5057759919638373,8,0,Queens,Manhattan,220,286,false,false,0
223,0.5089849441476445,8,0,Queens,Stony,233,286,false,false,0
226,0.5076849183477425,7,0,Manhattan,Jones,237,303,false,true,286
270,0.5018789144050104,0,0,Queens,Manhattan,285,382,true,false,0
240,0.50965424337674,8,1,Queens,Stony,255,287,false,false,0
272,0.5066170388751033,0,0,Queens,Manhattan,286,370,true,false,0
203,0.5129903209373408,8,1,Jones,Stony,215,289,false,false,0
234,0.5098039215686274,4,1,Stony,Jones,248,341,false,true,291
193,0.5243185462319615,9,1,Manhattan,Queens,203,293,false,false,0
227,0.5076849183477425,7,1,Manhattan,Jones,238,312,false,true,293
279,0.4991850040749796,0,0,Queens,Manhattan,293,376,true,false,0
243,0.5085125448028673,9,0,Stony,Queens,259,295,false,false,0
254,0.5068675232609658,3,0,Manhattan,Queens,269,338,false,true,295
265,0.5012864493996569,3,1,Manhattan,Jones,277,325,false,true,296
208,0.5045090180360722,8,1,Jones,Stony,221,297,false,false,0
192,0.5314192849404117,9,0,Jones,Stony,202,298,false,false,0
213,0.5072247135027405,8,1,Jones,Stony,225,298,false,false,0
250,0.5084444444444445,9,1,Stony,Queens,264,298,false,false,0
217,0.5049212598425197,5,1,Manhattan,Queens,229,347,false,true,299
215,0.5069169960474308,8,1,Manhattan,Queens,227,311,false,true,300
210,0.5045090180360722,8,1,Manhattan,Queens,223,321,false,true,303
222,0.5089849441476445,9,0,Manhattan,Jones,233,303,false,false,0
220,0.5036818851251841,8,0,Stony,Jones,230,304,false,false,0
236,0.5118074477747502,5,1,Manhattan,Queens,251,355,false,true,304
288,0.49545992893801816,0,0,Manhattan,Jones,303,360,true,false,0
289,0.4960722702278083,0,0,Manhattan,Jones,304,382,true,true,325
221,0.5051395007342144,9,1,Manhattan,Jones,231,306,false,false,0
228,0.5059326056003797,9,0,Jones,Stony,240,308,false,false,0
266,0.5021186440677966,9,0,Queens,Stony,279,310,false,true,309
297,0.4978624174115818,0,0,Manhattan,Queens,310,417,true,false,0
216,0.5049212598425197,9,0,Manhattan,Queens,228,312,false,false,0
261,0.5045317220543807,8,0,Queens,Stony,274,312,false,false,0
244,0.5085125448028673,9,1,Stony,Queens,260,313,false,false,0
249,0.5084444444444445,8,0,Manhattan,Jones,264,313,false,false,0
277,0.5024610336341263,3,1,Queens,Stony,291,349,false,true,313
241,0.50965424337674,9,1,Stony,Jones,256,315,false,false,0
251,0.5084444444444445,6,1,Manhattan,Jones,265,339,false,true,315
263,0.5012864493996569,6,1,Manhattan,Jones,276,336,false,true,316
207,0.5045090180360722,9,1,Manhattan,Queens,221,317,false,false,0
218,0.5049212598425197,9,1,Stony,Jones,229,320,false,false,0
257,0.5066430469441984,8,0,Stony,Queens,270,320,false,false,0
264,0.5012864493996569,9,0,Manhattan,Jones,277,320,false,false,0
300,0.4946969696969697,0,0,Queens,Stony,319,376,true,true,349
262,0.5012864493996569,8,1,Stony,Queens,275,322,false,false,0
274,0.5032867707477403,8,1,Queens,Stony,289,325,false,false,0
303,0.49328859060402686,0,0,Manhattan,Queens,325,429,true,false,0
304,0.49328859060402686,0,0,Queens,Manhattan,325,417,true,false,0
253,0.5079928952042628,8,0,Stony,Jones,267,327,false,false,0
306,0.49479553903345724,0,0,Queens,Manhattan,327,413,true,false,0
307,0.49479553903345724,0,0,Queens,Manhattan,328,393,true,false,0
309,0.49479553903345724,0,0,Queens,Manhattan,330,423,true,false,0
285,0.49523052464228934,8,0,Queens,Stony,300,332,false,false,0
311,0.49479553903345724,0,1,Manhattan,Jones,331,384,true,false,0
312,0.49629355077835435,0,0,Manhattan,Jones,332,393,true,false,0
286,0.49523052464228934,6,1,Queens,Stony,302,349,false,true,334
271,0.5018789144050104,8,0,Manhattan,Jones,285,335,false,false,0
315,0.49668141592920356,0,0,Queens,Manhattan,335,423,true,false,0
258,0.5083848190644307,9,1,Manhattan,Queens,271,337,false,false,0
313,0.49629355077835435,0,1,Stony,Jones,332,395,false,true,337
278,0.5024610336341263,9,1,Manhattan,Jones,292,338,false,false,0
294,0.4943248532289628,9,0,Stony,Queens,306,338,false,false,0
316,0.49503858875413453,0,0,Manhattan,Jones,337,390,true,false,0
283,0.49939442874444895,8,0,Queens,Stony,297,339,false,false,0
317,0.4950711938663746,0,0,Manhattan,Queens,338,421,true,false,0
267,0.5021186440677966,9,1,Manhattan,Jones,279,343,false,false,0
281,0.4991850040749796,9,0,Manhattan,Jones,294,343,false,false,0
319,0.4965416818347288,0,0,Queens,Stony,340,376,false,true,343
321,0.4965416818347288,0,0,Manhattan,Queens,342,430,true,false,0
292,0.4943248532289628,8,1,Queens,Stony,306,355,false,true,346
260,0.5083848190644307,9,0,Manhattan,Jones,271,347,false,false,0
273,0.5049464138499588,8,0,Manhattan,Jones,288,347,false,false,0
282,0.4991850040749796,9,0,Stony,Queens,294,347,false,false,0
327,0.49513162639740355,0,0,Queens,Stony,346,402,true,false,0
235,0.5118074477747502,8,1,Queens,Manhattan,250,349,false,false,0
252,0.5084444444444445,8,1,Jones,Stony,265,349,false,false,0
330,0.49982136477313327,0,1,Manhattan,Queens,348,444,true,true,430
276,0.5024610336341263,8,1,Manhattan,Jones,291,351,false,false,0
328,0.49513162639740355,0,0,Jones,Stony,346,411,false,true,351
239,0.50965424337674,8,1,Manhattan,Queens,255,352,false,false,0
295,0.4943248532289628,6,1,Manhattan,Queens,307,382,false,true,353
301,0.49624906226556637,9,0,Queens,Stony,320,353,false,false,0
291,0.4943248532289628,9,1,Manhattan,Jones,306,354,false,false,0
338,0.49316987740805607,0,0,Manhattan,Jones,354,417,true,false,0
280,0.4991850040749796,9,1,Manhattan,Jones,293,357,false,false,0
341,0.49316987740805607,0,1,Manhattan,Jones,356,432,true,true,400
324,0.49656419529837253,1,1,Queens,Manhattan,345,455,false,true,358
232,0.5080091533180778,9,1,Manhattan,Queens,247,364,false,false,0
296,0.4978624174115818,8,1,Stony,Jones,309,365,false,false,0
310,0.49479553903345724,6,0,Jones,Stony,330,385,false,true,366
345,0.48854961832061067,0,0,Manhattan,Queens,365,457,true,false,0
305,0.49328859060402686,8,1,Manhattan,Jones,326,368,false,false,0
323,0.49656419529837253,7,1,Queens,Stony,344,377,false,true,369
347,0.4882596685082873,0,0,Queens,Manhattan,368,464,true,false,0
331,0.49982136477313327,4,1,Manhattan,Jones,348,400,false,true,370
275,0.5032867707477403,9,1,Jones,Stony,290,372,false,false,0
350,0.4864121087031304,0,0,Queens,Stony,371,419,true,false,0
354,0.4849108367626886,0,0,Queens,Stony,372,429,true,false,0
356,0.4849108367626886,0,0,Manhattan,Jones,373,421,true,false,0
287,0.49523052464228934,9,1,Jones,Stony,302,375,false,false,0
360,0.4849108367626886,0,0,Manhattan,Jones,374,434,true,false,0
302,0.49476439790575916,9,0,Stony,Jones,324,376,false,false,0
362,0.48500340831629174,0,0,Manhattan,Jones,376,432,true,false,0
298,0.5003831417624521,8,1,Manhattan,Jones,314,379,false,false,0
364,0.48500340831629174,0,0,Manhattan,Queens,378,496,true,true,413
367,0.48368456832087015,0,0,Manhattan,Jones,379,441,true,false,0
293,0.4943248532289628,8,1,Manhattan,Jones,306,381,false,false,0
353,0.4849108367626886,2,1,Manhattan,Jones,372,429,false,true,385
332,0.4969804618117229,9,1,Queens,Stony,350,387,false,false,0
357,0.4849108367626886,2,1,Queens,Stony,373,429,false,true,388
378,0.48025649679379007,0,0,Manhattan,Queens,388,505,true,false,0
380,0.48025649679379007,0,1,Manhattan,Jones,389,430,true,false,0
299,0.49638920562523753,8,0,Queens,Manhattan,316,392,false,false,0
318,0.4965416818347288,9,1,Jones,Stony,339,392,false,false,0
384,0.4802013422818792,0,0,Queens,Stony,393,424,true,false,0
284,0.49780263683579706,8,0,Manhattan,Queens,298,395,false,false,0
290,0.4960722702278083,8,1,Queens,Manhattan,304,395,false,false,0
385,0.4802013422818792,0,1,Manhattan,Queens,394,511,true,true,426
389,0.4803070761014686,0,1,Manhattan,Queens,396,478,true,true,397
333,0.4969804618117229,8,1,Stony,Queens,350,400,false,false,0
359,0.4849108367626886,5,1,Stony,Jones,373,428,false,true,401
343,0.49144851657940664,8,1,Queens,Stony,361,409,false,true,404
394,0.47823197075440343,0,1,Manhattan,Jones,403,481,true,true,439
334,0.4955720864328728,9,1,Stony,Jones,351,406,false,false,0
335,0.4941716707877075,8,0,Manhattan,Jones,352,406,false,false,0
396,0.4769638713954259,0,1,Manhattan,Jones,405,468,true,false,0
325,0.49656419529837253,9,0,Jones,Stony,345,408,false,false,0
326,0.49513162639740355,9,1,Manhattan,Queens,346,408,false,false,0
329,0.49982136477313327,8,0,Manhattan,Queens,347,408,false,false,0
398,0.476928147659855,0,0,Queens,Stony,407,460,true,false,0
346,0.48854961832061067,8,1,Queens,Stony,365,409,false,false,0
399,0.47843137254901963,0,0,Manhattan,Queens,408,506,true,false,0
322,0.49656419529837253,8,1,Manhattan,Jones,344,412,false,false,0
342,0.49162011173184356,8,1,Queens,Stony,357,412,false,false,0
308,0.49479553903345724,9,1,Manhattan,Queens,330,413,false,false,0
403,0.47470817120622566,0,0,Manhattan,Queens,412,508,true,true,454
405,0.47332686711930166,0,1,Manhattan,Jones,413,482,true,false,0
340,0.49316987740805607,6,1,Stony,Jones,354,444,false,true,415
408,0.4724104549854792,0,0,Manhattan,Jones,415,482,true,true,480
409,0.4724104549854792,0,0,Queens,Manhattan,415,513,true,false,0
411,0.4724104549854792,0,1,Manhattan,Jones,416,461,true,false,0
348,0.4870823286255598,6,1,Manhattan,Jones,369,445,false,true,419
373,0.4823728813559322,9,1,Queens,Stony,383,419,false,false,0
414,0.4724104549854792,0,1,Manhattan,Jones,418,487,true,false,0
416,0.4701348747591522,0,1,Manhattan,Queens,419,529,true,false,0
417,0.4701348747591522,0,0,Manhattan,Queens,420,507,true,false,0
418,0.4701348747591522,0,0,Queens,Manhattan,420,505,true,false,0
419,0.4701348747591522,0,0,Manhattan,Jones,421,494,true,false,0
363,0.48500340831629174,9,0,Stony,Queens,376,424,false,false,0
407,0.47332686711930166,1,0,Stony,Jones,413,494,false,true,425
352,0.4864121087031304,8,0,Stony,Jones,371,426,false,false,0
355,0.4849108367626886,9,1,Jones,Stony,372,426,false,false,0
366,0.48500340831629174,8,1,Stony,Jones,378,433,false,true,427
375,0.48204607046070463,9,1,Queens,Stony,386,427,false,false,0
371,0.4823728813559322,9,1,Manhattan,Jones,382,429,false,false,0
337,0.4947294448348559,9,0,Queens,Manhattan,353,430,false,false,0
314,0.49668141592920356,9,0,Manhattan,Queens,335,431,false,false,0
369,0.48368456832087015,8,1,Manhattan,Jones,380,431,false,false,0
401,0.4771838331160365,4,1,Queens,Stony,411,452,false,true,431
388,0.4803070761014686,8,0,Stony,Queens,395,432,false,false,0
320,0.4965416818347288,9,1,Jones,Stony,340,434,false,false,0
351,0.4864121087031304,9,1,Jones,Stony,371,438,false,false,0
372,0.4823728813559322,9,1,Jones,Stony,382,439,false,false,0
392,0.4803070761014686,9,0,Queens,Stony,398,439,false,false,0
377,0.480580884836204,8,0,Stony,Queens,387,440,false,false,0
432,0.46806541190990436,0,1,Manhattan,Jones,439,486,true,false,0
361,0.4849108367626886,9,1,Jones,Stony,374,442,false,false,0
381,0.48025649679379007,8,1,Stony,Queens,390,442,false,false,0
434,0.46937519236688213,0,1,Manhattan,Jones,441,510,true,false,0
391,0.4803070761014686,9,1,Queens,Stony,397,443,false,false,0
438,0.46564885496183206,0,1,Manhattan,Queens,444,528,true,true,494
358,0.4849108367626886,9,1,Jones,Stony,373,446,false,false,0
395,0.4769638713954259,8,0,Manhattan,Jones,404,446,false,false,0
374,0.48204607046070463,8,0,Jones,Stony,385,450,false,false,0
387,0.4803070761014686,8,1,Jones,Stony,395,450,false,false,0
376,0.480580884836204,8,0,Manhattan,Jones,387,453,false,false,0
445,0.4658403869407497,0,1,Manhattan,Jones,452,517,true,true,494
412,0.4724104549854792,8,0,Stony,Queens,416,454,false,false,0
370,0.48368456832087015,8,0,Stony,Jones,380,456,false,false,0
400,0.4771838331160365,8,1,Queens,Stony,410,456,false,false,0
339,0.49316987740805607,8,1,Queens,Manhattan,354,458,false,false,0
382,0.48025649679379007,8,1,Manhattan,Jones,391,458,false,false,0
365,0.48500340831629174,9,1,Queens,Manhattan,378,459,false,false,0
404,0.47470817120622566,9,1,Queens,Stony,412,460,false,false,0
349,0.4864121087031304,8,0,Jones,Stony,370,463,false,false,0
383,0.4802013422818792,8,0,Manhattan,Jones,393,463,false,false,0
397,0.476928147659855,8,1,Jones,Stony,406,463,false,false,0
336,0.4947294448348559,8,1,Manhattan,Queens,353,465,false,false,0
406,0.47332686711930166,9,0,Queens,Stony,413,465,false,false,0
421,0.47182425978987586,9,0,Queens,Stony,426,465,false,false,0
459,0.4669976635514019,0,0,Manhattan,Queens,468,545,true,false,0
368,0.48368456832087015,8,1,Queens,Manhattan,379,470,false,false,0
461,0.4669976635514019,0,0,Manhattan,Queens,469,570,true,false,0
413,0.4724104549854792,8,1,Queens,Stony,417,471,false,false,0
463,0.4659090909090909,0,0,Manhattan,Jones,470,544,true,false,0
466,0.46482558139534885,0,0,Manhattan,Queens,471,589,true,false,0
379,0.48025649679379007,9,1,Stony,Jones,388,474,false,false,0
410,0.4724104549854792,8,0,Stony,Jones,415,476,false,false,0
460,0.4669976635514019,2,0,Stony,Queens,468,511,false,true,477
422,0.47182425978987586,9,0,Manhattan,Jones,426,478,false,false,0
402,0.4771838331160365,8,0,Jones,Stony,411,479,false,false,0
344,0.4899095337508699,9,1,Manhattan,Queens,364,480,false,false,0
431,0.46919726197884254,8,0,Stony,Queens,436,482,false,false,0
430,0.46919726197884254,9,0,Jones,Stony,434,485,false,false,0
386,0.4803070761014686,9,1,Manhattan,Queens,395,489,false,true,487
390,0.4803070761014686,9,0,Stony,Jones,396,489,false,false,0
439,0.46564885496183206,8,1,Queens,Stony,444,489,false,false,0
446,0.46712907117008445,8,1,Queens,Stony,453,489,false,false,0
393,0.47902796271637815,8,1,Jones,Stony,400,490,false,false,0
479,0.46613995485327314,0,1,Manhattan,Queens,490,587,true,false,0
480,0.46613995485327314,0,0,Manhattan,Queens,492,564,true,false,0
481,0.46613995485327314,0,1,Manhattan,Queens,493,599,true,false,0
437,0.4669320269442743,9,1,Manhattan,Jones,442,496,false,false,0
442,0.465674362089915,9,1,Queens,Stony,449,498,false,false,0
485,0.4649591894173937,0,0,Manhattan,Jones,497,558,true,false,0
457,0.4669976635514019,3,1,Manhattan,Queens,466,555,false,true,500
424,0.46928435718809375,8,0,Stony,Jones,427,501,false,false,0
458,0.4669976635514019,3,1,Queens,Manhattan,467,563,false,true,502
487,0.46378439079169004,0,1,Stony,Queens,499,539,false,true,502
428,0.47051482059282373,9,0,Manhattan,Jones,433,504,false,false,0
490,0.46420581655480986,0,0,Manhattan,Queens,503,584,true,false,0
423,0.47182425978987586,8,0,Stony,Jones,426,505,false,false,0
493,0.4655509065550907,0,0,Manhattan,Jones,504,579,true,false,0
450,0.4650817236255572,9,1,Manhattan,Jones,459,507,false,false,0
425,0.46918986549890523,8,0,Manhattan,Jones,431,508,false,false,0
415,0.4724104549854792,9,1,Queens,Manhattan,418,509,false,false,0
420,0.47183098591549294,9,1,Jones,Stony,425,511,false,false,0
440,0.46564885496183206,8,1,Jones,Stony,445,511,false,false,0
453,0.46384113811499705,8,1,Manhattan,Jones,461,511,false,false,0
455,0.46527369040612127,8,1,Manhattan,Jones,464,511,false,false,0
501,0.46139101861993426,0,0,Manhattan,Queens,511,617,true,true,534
465,0.4659090909090909,9,0,Stony,Queens,470,513,false,false,0
503,0.46139101861993426,0,0,Manhattan,Jones,512,580,true,false,0
429,0.46919726197884254,9,0,Queens,Manhattan,434,514,false,false,0
433,0.46806541190990436,8,1,Manhattan,Jones,439,514,false,false,0
454,0.46384113811499705,8,0,Manhattan,Jones,462,514,false,false,0
448,0.468562874251497,9,0,Manhattan,Jones,456,516,false,false,0
469,0.4636126413453175,9,1,Stony,Queens,475,517,false,false,0
427,0.47051482059282373,8,0,Queens,Manhattan,432,518,false,false,0
435,0.46937519236688213,8,1,Queens,Manhattan,441,518,false,false,0
436,0.46937519236688213,9,0,Stony,Jones,441,520,false,false,0
478,0.4679578467673028,9,0,Stony,Queens,488,520,false,false,0
443,0.4658403869407497,8,1,Manhattan,Jones,450,523,false,false,0
426,0.47051482059282373,9,1,Manhattan,Queens,432,525,false,false,0
513,0.46709470304975925,1,1,Manhattan,Jones,522,567,false,true,527
447,0.4684115523465704,9,1,Queens,Manhattan,454,528,false,false,0
449,0.468562874251497,9,1,Jones,Stony,457,532,false,true,529
474,0.46657101865136297,6,1,Jones,Stony,481,550,false,true,529
522,0.46190476190476193,0,0,Queens,Manhattan,531,605,true,false,0
524,0.46190476190476193,0,0,Queens,Stony,532,585,true,false,0
511,0.46709470304975925,1,1,Jones,Stony,521,602,false,true,535
528,0.4617825971965089,0,0,Queens,Stony,535,568,true,false,0
464,0.4659090909090909,9,0,Jones,Stony,470,537,false,false,0
530,0.4617825971965089,0,0,Manhattan,Queens,536,633,true,false,0
531,0.4617825971965089,0,0,Queens,Stony,536,570,true,false,0
441,0.465674362089915,8,0,Manhattan,Queens,448,538,false,false,0
452,0.46384113811499705,8,1,Manhattan,Jones,460,538,false,false,0
532,0.4632159747766684,0,0,Manhattan,Jones,538,584,true,false,0
483,0.46613995485327314,8,1,Queens,Stony,495,548,false,true,540
472,0.46777905638665135,8,1,Jones,Stony,479,541,false,false,0
489,0.46420581655480986,8,1,Queens,Stony,502,544,false,false,0
491,0.46420581655480986,9,1,Queens,Stony,503,545,false,false,0
536,0.46031331592689295,0,0,Manhattan,Queens,544,631,true,false,0
471,0.46777905638665135,9,0,Manhattan,Jones,479,547,false,false,0
538,0.4604989604989605,0,0,Manhattan,Queens,547,654,true,true,570
477,0.4679578467673028,9,1,Manhattan,Jones,487,550,false,false,0
482,0.46613995485327314,9,0,Stony,Queens,493,550,false,false,0
500,0.46559823155567837,7,1,Manhattan,Jones,510,563,false,true,550
541,0.4604989604989605,0,0,Manhattan,Queens,549,648,true,false,0
492,0.46420581655480986,9,1,Manhattan,Jones,503,551,false,false,0
498,0.4667590027700831,6,1,Queens,Manhattan,508,575,false,true,551
456,0.4669976635514019,8,1,Jones,Stony,465,552,false,false,0
486,0.46378439079169004,8,1,Manhattan,Jones,499,553,false,false,0
496,0.4667408850542722,7,1,Manhattan,Queens,506,572,false,true,554
508,0.46709470304975925,9,1,Queens,Stony,520,556,false,false,0
549,0.4553822551777039,0,0,Queens,Stony,555,595,true,false,0
444,0.4658403869407497,9,0,Queens,Manhattan,451,557,false,false,0
470,0.46485391958345385,9,0,Jones,Stony,476,557,false,false,0
499,0.46559823155567837,9,1,Manhattan,Jones,509,560,false,true,559
507,0.4645161290322581,8,1,Manhattan,Jones,518,559,false,false,0
467,0.46482558139534885,8,0,Jones,Stony,472,560,false,false,0
552,0.45486725663716815,0,0,Queens,Manhattan,559,648,true,false,0
505,0.46418882257189364,9,0,Queens,Stony,515,561,false,false,0
518,0.46485623003194887,9,1,Queens,Stony,527,561,false,false,0
520,0.46190476190476193,3,1,Manhattan,Queens,530,615,false,true,561
553,0.45596770123643704,0,0,Queens,Manhattan,560,634,true,true,616
451,0.4650817236255572,9,1,Queens,Manhattan,459,562,false,false,0
502,0.46139101861993426,8,1,Stony,Queens,511,569,false,true,562
554,0.45582329317269077,0,0,Manhattan,Jones,561,616,false,true,562
476,0.4679578467673028,8,1,Manhattan,Queens,487,579,false,true,564
516,0.46498002663115845,4,1,Manhattan,Queens,526,612,false,true,564
555,0.45388652836790805,0,0,Queens,Stony,563,602,true,false,0
509,0.46709470304975925,9,0,Manhattan,Jones,521,565,false,false,0
544,0.4580761316872428,2,0,Manhattan,Jones,551,612,false,true,566
462,0.4669976635514019,8,1,Queens,Manhattan,469,567,false,false,0
515,0.46498002663115845,8,0,Queens,Stony,525,567,false,false,0
473,0.46657101865136297,8,0,Stony,Jones,480,569,false,false,0
519,0.46190476190476193,3,1,Queens,Manhattan,529,645,false,true,569
475,0.4677927283137704,9,1,Stony,Jones,483,570,false,false,0
557,0.4539408866995074,0,0,Queens,Manhattan,570,642,true,false,0
512,0.46709470304975925,8,0,Queens,Stony,522,572,false,false,0
560,0.4539408866995074,0,0,Queens,Stony,571,627,true,false,0
517,0.46498002663115845,6,1,Queens,Manhattan,526,595,false,true,573
495,0.4667408850542722,9,1,Manhattan,Jones,505,575,false,false,0
494,0.4655509065550907,9,0,Stony,Jones,504,578,false,false,0
468,0.4636126413453175,9,0,Queens,Manhattan,475,581,false,false,0
497,0.4667590027700831,8,0,Manhattan,Queens,508,581,false,false,0
514,0.46498002663115845,9,0,Manhattan,Jones,525,581,false,false,0
521,0.46190476190476193,8,1,Manhattan,Jones,530,583,false,false,0
569,0.45798931520155417,0,0,Queens,Stony,582,630,true,false,0
535,0.46127681841967555,8,1,Queens,Stony,542,584,false,false,0
573,0.4562167392356072,0,0,Queens,Manhattan,584,688,true,false,0
484,0.46613995485327314,9,0,Jones,Stony,495,589,false,false,0
579,0.4562167392356072,0,0,Queens,Manhattan,588,680,true,false,0
534,0.46224436287362347,9,0,Queens,Stony,540,590,false,false,0
545,0.45713552361396304,7,1,Manhattan,Jones,552,603,false,true,590
581,0.45780235633565763,0,0,Queens,Manhattan,590,651,true,false,0
551,0.4568308786185881,8,1,Stony,Queens,558,592,false,false,0
584,0.45780235633565763,0,0,Queens,Manhattan,591,654,true,false,0
488,0.4645955779457039,8,0,Jones,Stony,501,593,false,false,0
504,0.46418882257189364,9,0,Manhattan,Queens,515,596,false,false,0
527,0.46190476190476193,9,0,Manhattan,Jones,534,596,false,false,0
546,0.4561987704918033,9,0,Stony,Queens,553,600,false,false,0
533,0.4632159747766684,9,0,Jones,Stony,538,602,false,false,0
537,0.45923417556655377,9,1,Manhattan,Jones,545,602,false,false,0
540,0.4604989604989605,9,1,Manhattan,Jones,548,604,false,false,0
547,0.4553822551777039,5,0,Queens,Manhattan,554,645,false,true,604
506,0.46418882257189364,9,0,Jones,Stony,515,605,false,false,0
576,0.4562167392356072,3,1,Queens,Stony,586,644,false,true,605
597,0.4612659423712801,0,0,Queens,Manhattan,604,699,true,false,0
598,0.46208195949128594,0,0,Queens,Manhattan,605,705,true,false,0
548,0.4553822551777039,8,0,Jones,Stony,554,607,false,false,0
529,0.4617825971965089,8,1,Manhattan,Jones,535,609,false,false,0
601,0.463093559003291,0,0,Queens,Stony,608,645,true,false,0
526,0.46190476190476193,8,0,Jones,Stony,533,611,false,false,0
556,0.45388652836790805,6,1,Manhattan,Jones,563,634,false,true,611
604,0.4622243078366964,0,0,Queens,Manhattan,610,726,true,false,0
510,0.46709470304975925,9,0,Queens,Manhattan,521,612,false,false,0
525,0.46190476190476193,9,0,Jones,Stony,532,615,false,false,0
565,0.45454545454545453,8,1,Manhattan,Jones,579,621,false,true,615
607,0.46397024639702467,0,0,Queens,Stony,616,667,true,false,0
609,0.46397024639702467,0,0,Manhattan,Jones,617,669,true,false,0
570,0.45798931520155417,9,1,Stony,Queens,582,619,false,false,0
577,0.4562167392356072,8,1,Stony,Queens,586,619,false,false,0
539,0.4604989604989605,8,1,Queens,Manhattan,548,620,false,false,0
613,0.46128957707418533,0,0,Jones,Stony,620,679,true,false,0
566,0.45454545454545453,8,1,Queens,Stony,579,625,false,false,0
616,0.46128957707418533,0,0,Manhattan,Jones,624,685,true,false,0
617,0.46128957707418533,0,0,Manhattan,Jones,624,701,true,false,0
585,0.4569234461243101,8,1,Stony,Queens,592,626,false,false,0
619,0.45959014506101775,0,0,Manhattan,Jones,626,681,true,false,0
605,0.46371061843640604,2,0,Manhattan,Queens,612,692,false,true,628
558,0.4539408866995074,9,0,Manhattan,Jones,570,629,false,false,0
574,0.4562167392356072,6,1,Stony,Jones,584,652,false,true,629
620,0.4598388952819333,0,0,Manhattan,Jones,628,704,true,false,0
550,0.45433673469387753,8,1,Manhattan,Jones,556,630,false,false,0
578,0.4562167392356072,9,0,Manhattan,Jones,587,632,false,false,0
564,0.4543446244477172,8,1,Manhattan,Jones,573,635,false,false,0
572,0.4562167392356072,8,1,Manhattan,Jones,584,635,false,false,0
561,0.4539408866995074,9,1,Stony,Jones,571,642,false,true,636
627,0.4579736483416629,0,1,Manhattan,Queens,637,702,true,true,643
562,0.4550147492625369,9,0,Manhattan,Jones,572,639,false,false,0
612,0.46128957707418533,3,1,Manhattan,Jones,620,683,false,true,640
628,0.45907957379279074,0,0,Queens,Manhattan,639,707,true,false,0
622,0.45947802197802196,2,1,Queens,Manhattan,631,693,false,true,644
634,0.4587675577707295,0,1,Manhattan,Queens,643,759,true,false,0
523,0.46190476190476193,9,1,Manhattan,Queens,532,645,false,false,0
637,0.4585597826086957,0,0,Manhattan,Jones,644,690,true,false,0
567,0.45798931520155417,8,1,Manhattan,Jones,581,646,false,false,0
593,0.4602909611256857,9,0,Queens,Stony,599,646,false,false,0
588,0.4579640718562874,8,0,Stony,Queens,594,647,false,false,0
559,0.4539408866995074,8,0,Stony,Jones,570,650,false,false,0
642,0.458876404494382,0,0,Queens,Stony,649,692,true,false,0
644,0.4598474652310453,0,0,Manhattan,Queens,650,764,true,false,0
629,0.45907957379279074,1,1,Stony,Jones,639,731,false,true,654
568,0.45798931520155417,9,0,Queens,Manhattan,581,656,false,false,0
649,0.4597443372953577,0,1,Manhattan,Jones,655,712,true,true,707
543,0.45985024528789054,9,1,Manhattan,Queens,550,657,false,false,0
600,0.46208195949128594,9,1,Stony,Queens,606,659,false,false,0
651,0.45990618717891446,0,1,Manhattan,Jones,658,709,true,true,684
542,0.4604989604989605,9,1,Queens,Manhattan,549,660,false,false,0
571,0.45710130877363064,8,0,Manhattan,Jones,583,661,false,false,0
582,0.45780235633565763,9,1,Manhattan,Jones,590,661,false,false,0
590,0.4602909611256857,9,1,Manhattan,Jones,597,661,false,false,0
652,0.45806451612903226,0,0,Manhattan,Jones,660,713,true,false,0
589,0.4579640718562874,9,1,Manhattan,Jones,595,663,false,false,0
580,0.4573980207579049,9,0,Jones,Stony,589,665,false,false,0
658,0.4573694646397885,0,0,Queens,Stony,665,711,true,false,0
660,0.4573694646397885,0,0,Queens,Manhattan,668,767,true,false,0
661,0.4573694646397885,0,0,Manhattan,Queens,669,757,true,false,0
596,0.4612659423712801,8,1,Manhattan,Queens,604,671,false,false,0
664,0.4573694646397885,0,1,Manhattan,Jones,670,740,true,false,0
594,0.4614469300333175,8,0,Manhattan,Jones,600,672,false,false,0
614,0.46128957707418533,8,0,Stony,Jones,621,672,false,false,0
631,0.4587675577707295,8,1,Stony,Queens,640,672,false,false,0
587,0.4579640718562874,8,0,Jones,Stony,594,673,false,false,0
575,0.4562167392356072,8,0,Manhattan,Queens,585,674,false,false,0
648,0.4598474652310453,5,0,Stony,Queens,653,690,false,true,674
654,0.45719973457199736,2,1,Manhattan,Jones,662,707,false,true,674
563,0.4550147492625369,8,1,Queens,Manhattan,572,675,false,false,0
591,0.4602909611256857,7,1,Manhattan,Queens,598,705,false,true,675
610,0.46397024639702467,9,0,Stony,Queens,617,675,false,false,0
615,0.46128957707418533,6,1,Manhattan,Queens,623,705,false,true,675
650,0.4608325872873769,2,0,Manhattan,Queens,656,727,false,true,677
657,0.4573694646397885,1,1,Manhattan,Jones,665,730,false,true,677
608,0.46397024639702467,8,0,Jones,Stony,616,678,false,false,0
611,0.46214401481824496,8,0,Stony,Jones,619,678,false,false,0
606,0.46397024639702467,9,1,Queens,Manhattan,615,679,false,false,0
672,0.46001719690455717,0,0,Manhattan,Queens,679,772,true,false,0
583,0.45780235633565763,8,1,Manhattan,Queens,591,681,false,false,0
674,0.46001719690455717,0,0,Manhattan,Jones,680,750,true,true,731
595,0.4614469300333175,8,0,Queens,Manhattan,601,682,false,false,0
676,0.4592274678111588,0,0,Manhattan,Jones,681,749,true,false,0
586,0.4579640718562874,9,0,Manhattan,Queens,593,683,false,false,0
602,0.463093559003291,9,0,Jones,Stony,608,684,false,false,0
656,0.4562913907284768,2,1,Manhattan,Queens,663,741,false,true,684
603,0.4622243078366964,9,0,Manhattan,Jones,609,685,false,false,0
641,0.458876404494382,9,0,Queens,Stony,648,687,false,false,0
623,0.46058944482522274,8,0,Queens,Stony,633,689,false,false,0
646,0.4598474652310453,9,0,Stony,Queens,652,692,false,false,0
592,0.4602909611256857,8,0,Jones,Stony,598,694,false,false,0
635,0.4587675577707295,9,1,Queens,Stony,643,694,false,false,0
687,0.4660173618462841,0,0,Manhattan,Queens,693,768,true,true,746
633,0.4587675577707295,8,1,Queens,Manhattan,642,705,false,true,695
621,0.46032110091743117,9,1,Manhattan,Jones,629,696,false,false,0
639,0.4579018460153084,9,0,Stony,Queens,646,699,false,false,0
668,0.45994775794514586,5,0,Manhattan,Jones,674,722,false,true,699
640,0.458876404494382,9,0,Jones,Stony,647,703,false,false,0
618,0.46043829296424454,9,1,Manhattan,Queens,625,705,false,false,0
694,0.46694560669456064,0,0,Manhattan,Jones,704,752,true,false,0
653,0.45719973457199736,8,1,Manhattan,Jones,662,706,false,false,0
696,0.4652908067542214,0,1,Manhattan,Queens,706,781,true,false,0
693,0.46694560669456064,1,1,Stony,Queens,703,749,false,true,710
698,0.4652908067542214,0,0,Manhattan,Jones,709,772,true,false,0
632,0.4587675577707295,8,0,Manhattan,Jones,642,712,false,false,0
638,0.4585597826086957,9,0,Stony,Jones,644,712,false,false,0
675,0.46001719690455717,8,0,Queens,Stony,680,712,false,false,0
697,0.4652908067542214,1,1,Queens,Stony,707,738,false,true,712
700,0.46519383076281784,0,0,Manhattan,Queens,711,795,true,false,0
678,0.4601542416452442,4,1,Jones,Stony,682,759,false,true,713
599,0.46208195949128594,8,0,Manhattan,Queens,606,716,false,false,0
703,0.46748135874067936,0,0,Manhattan,Queens,715,779,true,false,0
655,0.45719973457199736,9,0,Stony,Queens,662,718,false,false,0
704,0.4693498452012384,0,1,Manhattan,Queens,718,827,true,false,0
709,0.4693498452012384,0,1,Manhattan,Queens,720,803,true,true,735
625,0.45891190530389253,9,0,Stony,Jones,635,723,false,false,0
659,0.4573694646397885,8,0,Stony,Queens,666,723,false,false,0
667,0.45861541821358376,9,1,Stony,Queens,673,724,false,false,0
689,0.4659400544959128,5,1,Manhattan,Jones,699,748,false,true,725
630,0.4587675577707295,8,1,Queens,Manhattan,640,730,false,false,0
647,0.4598474652310453,8,1,Manhattan,Jones,653,730,false,false,0
681,0.46306152863529915,4,1,Manhattan,Queens,685,798,false,true,732
643,0.458876404494382,9,1,Jones,Stony,649,733,false,false,0
626,0.4579736483416629,8,0,Manhattan,Queens,636,734,false,false,0
662,0.4573694646397885,9,0,Manhattan,Jones,669,734,false,false,0
682,0.46306152863529915,9,1,Queens,Stony,686,737,false,false,0
686,0.4660173618462841,9,1,Queens,Stony,692,737,false,false,0
695,0.46606807266652744,8,1,Queens,Stony,705,745,false,true,737
624,0.46058944482522274,8,1,Manhattan,Queens,634,739,false,false,0
636,0.4587675577707295,8,0,Stony,Jones,643,741,false,false,0
666,0.45766790636622184,8,0,Stony,Jones,672,747,false,false,0
679,0.4601542416452442,8,0,Stony,Jones,682,747,false,false,0
706,0.4693498452012384,8,1,Stony,Queens,718,754,false,true,748
684,0.46408839779005523,8,0,Queens,Manhattan,688,749,false,false,0
701,0.46519383076281784,9,1,Queens,Stony,711,751,false,false,0
707,0.4693498452012384,9,0,Queens,Stony,719,755,false,false,0
645,0.4598474652310453,8,1,Queens,Manhattan,652,757,false,false,0
663,0.4573694646397885,8,0,Stony,Jones,669,762,false,false,0
692,0.46694560669456064,9,0,Manhattan,Jones,703,762,false,false,0
673,0.46001719690455717,8,1,Queens,Manhattan,679,766,false,false,0
671,0.46090889511091965,9,1,Queens,Manhattan,678,769,false,false,0
669,0.45891003460207613,8,1,Queens,Manhattan,675,791,false,true,775
680,0.4620307167235495,8,1,Manhattan,Queens,684,775,false,false,0
665,0.4573694646397885,9,1,Queens,Manhattan,670,776,false,false,0
708,0.4693498452012384,8,0,Manhattan,Jones,719,778,false,false,0
685,0.4649978786593127,9,0,Queens,Manhattan,689,782,false,false,0
670,0.45904473741084934,9,1,Manhattan,Queens,677,788,false,false,0
688,0.4643682993483288,9,0,Jones,Stony,696,791,false,false,0
677,0.4592274678111588,8,0,Queens,Manhattan,681,796,false,false,0
690,0.4659400544959128,9,1,Stony,Jones,700,797,false,false,0
683,0.46408839779005523,8,0,Manhattan,Queens,687,799,false,false,0
699,0.46519383076281784,8,0,Queens,Manhattan,710,800,false,false,0
705,0.4693498452012384,9,0,Jones,Stony,718,803,false,false,0
691,0.4659400544959128,9,0,Queens,Manhattan,702,816,false,false,0
702,0.46748135874067936,8,1,Queens,Manhattan,713,821,false,false,0
